Source Barcode,Destination Barcode,Qpix Source Well,Human Source Well,Destination Well,Sample Name,Source Agar Plate Barcode,Destination Plate Name
SDSOURCE-00101-110220231,SDDEST-00101-103120231,A1,A1,A1,scooby 1,SDSOURCE-00101-110220231,SDDEST-00101-1
SDSOURCE-00101-110220231,SDDEST-00101-103120231,A1,A1,A1,scooby 1,SDSOURCE-00101-110220231,SDSTAM-00101-1
SDSOURCE-00101-110220231,SDDEST-00101-103120231,A1,A1,B1,scooby 1,SDSOURCE-00101-110220231,SDDEST-00101-1
SDSOURCE-00101-110220231,SDDEST-00101-103120231,A1,A1,B1,scooby 1,SDSOURCE-00101-110220231,SDSTAM-00101-1
SDSOURCE-00101-110220231,SDDEST-00101-103120231,A1,A1,C1,scooby 1,SDSOURCE-00101-110220231,SDDEST-00101-1
SDSOURCE-00101-110220231,SDDEST-00101-103120231,A1,A1,C1,scooby 1,SDSOURCE-00101-110220231,SDSTAM-00101-1
SDSOURCE-00101-110220231,SDDEST-00101-103120231,A1,A1,D1,scooby 1,SDSOURCE-00101-110220231,SDDEST-00101-1
SDSOURCE-00101-110220231,SDDEST-00101-103120231,A1,A1,D1,scooby 1,SDSOURCE-00101-110220231,SDSTAM-00101-1
SDSOURCE-00101-110220231,SDDEST-00101-103120231,A2,B1,E1,scooby 2,SDSOURCE-00101-110220231,SDDEST-00101-1
SDSOURCE-00101-110220231,SDDEST-00101-103120231,A2,B1,E1,scooby 2,SDSOURCE-00101-110220231,SDSTAM-00101-1
SDSOURCE-00101-110220231,SDDEST-00101-103120231,A2,B1,F1,scooby 2,SDSOURCE-00101-110220231,SDDEST-00101-1
SDSOURCE-00101-110220231,SDDEST-00101-103120231,A2,B1,F1,scooby 2,SDSOURCE-00101-110220231,SDSTAM-00101-1
SDSOURCE-00101-110220231,SDDEST-00101-103120231,A2,B1,G1,scooby 2,SDSOURCE-00101-110220231,SDDEST-00101-1
SDSOURCE-00101-110220231,SDDEST-00101-103120231,A2,B1,G1,scooby 2,SDSOURCE-00101-110220231,SDSTAM-00101-1
SDSOURCE-00101-110220231,SDDEST-00101-103120231,A2,B1,H1,scooby 2,SDSOURCE-00101-110220231,SDDEST-00101-1
SDSOURCE-00101-110220231,SDDEST-00101-103120231,A2,B1,H1,scooby 2,SDSOURCE-00101-110220231,SDSTAM-00101-1
SDSOURCE-00101-110220231,SDDEST-00101-103120231,A3,C1,A2,scooby 3,SDSOURCE-00101-110220231,SDDEST-00101-1
SDSOURCE-00101-110220231,SDDEST-00101-103120231,A3,C1,A2,scooby 3,SDSOURCE-00101-110220231,SDSTAM-00101-1
SDSOURCE-00101-110220231,SDDEST-00101-103120231,A3,C1,B2,scooby 3,SDSOURCE-00101-110220231,SDDEST-00101-1
SDSOURCE-00101-110220231,SDDEST-00101-103120231,A3,C1,B2,scooby 3,SDSOURCE-00101-110220231,SDSTAM-00101-1
SDSOURCE-00101-110220231,SDDEST-00101-103120231,A3,C1,C2,scooby 3,SDSOURCE-00101-110220231,SDDEST-00101-1
SDSOURCE-00101-110220231,SDDEST-00101-103120231,A3,C1,C2,scooby 3,SDSOURCE-00101-110220231,SDSTAM-00101-1
SDSOURCE-00101-110220231,SDDEST-00101-103120231,A3,C1,D2,scooby 3,SDSOURCE-00101-110220231,SDDEST-00101-1
SDSOURCE-00101-110220231,SDDEST-00101-103120231,A3,C1,D2,scooby 3,SDSOURCE-00101-110220231,SDSTAM-00101-1
SDSOURCE-00101-110220231,SDDEST-00101-103120231,A4,D1,E2,scooby 4,SDSOURCE-00101-110220231,SDDEST-00101-1
SDSOURCE-00101-110220231,SDDEST-00101-103120231,A4,D1,E2,scooby 4,SDSOURCE-00101-110220231,SDSTAM-00101-1
SDSOURCE-00101-110220231,SDDEST-00101-103120231,A4,D1,F2,scooby 4,SDSOURCE-00101-110220231,SDDEST-00101-1
SDSOURCE-00101-110220231,SDDEST-00101-103120231,A4,D1,F2,scooby 4,SDSOURCE-00101-110220231,SDSTAM-00101-1
SDSOURCE-00101-110220231,SDDEST-00101-103120231,A4,D1,G2,scooby 4,SDSOURCE-00101-110220231,SDDEST-00101-1
SDSOURCE-00101-110220231,SDDEST-00101-103120231,A4,D1,G2,scooby 4,SDSOURCE-00101-110220231,SDSTAM-00101-1
SDSOURCE-00101-110220231,SDDEST-00101-103120231,A4,D1,H2,scooby 4,SDSOURCE-00101-110220231,SDDEST-00101-1
SDSOURCE-00101-110220231,SDDEST-00101-103120231,A4,D1,H2,scooby 4,SDSOURCE-00101-110220231,SDSTAM-00101-1
SDSOURCE-00101-110220231,SDDEST-00101-103120231,A5,E1,A3,scooby 5,SDSOURCE-00101-110220231,SDDEST-00101-1
SDSOURCE-00101-110220231,SDDEST-00101-103120231,A5,E1,A3,scooby 5,SDSOURCE-00101-110220231,SDSTAM-00101-1
SDSOURCE-00101-110220231,SDDEST-00101-103120231,A5,E1,B3,scooby 5,SDSOURCE-00101-110220231,SDDEST-00101-1
SDSOURCE-00101-110220231,SDDEST-00101-103120231,A5,E1,B3,scooby 5,SDSOURCE-00101-110220231,SDSTAM-00101-1
SDSOURCE-00101-110220231,SDDEST-00101-103120231,A5,E1,C3,scooby 5,SDSOURCE-00101-110220231,SDDEST-00101-1
SDSOURCE-00101-110220231,SDDEST-00101-103120231,A5,E1,C3,scooby 5,SDSOURCE-00101-110220231,SDSTAM-00101-1
SDSOURCE-00101-110220231,SDDEST-00101-103120231,A5,E1,D3,scooby 5,SDSOURCE-00101-110220231,SDDEST-00101-1
SDSOURCE-00101-110220231,SDDEST-00101-103120231,A5,E1,D3,scooby 5,SDSOURCE-00101-110220231,SDSTAM-00101-1
SDSOURCE-00101-110220231,SDDEST-00101-103120231,A6,F1,E3,scooby 6,SDSOURCE-00101-110220231,SDDEST-00101-1
SDSOURCE-00101-110220231,SDDEST-00101-103120231,A6,F1,E3,scooby 6,SDSOURCE-00101-110220231,SDSTAM-00101-1
SDSOURCE-00101-110220231,SDDEST-00101-103120231,A6,F1,F3,scooby 6,SDSOURCE-00101-110220231,SDDEST-00101-1
SDSOURCE-00101-110220231,SDDEST-00101-103120231,A6,F1,F3,scooby 6,SDSOURCE-00101-110220231,SDSTAM-00101-1
SDSOURCE-00101-110220231,SDDEST-00101-103120231,A6,F1,G3,scooby 6,SDSOURCE-00101-110220231,SDDEST-00101-1
SDSOURCE-00101-110220231,SDDEST-00101-103120231,A6,F1,G3,scooby 6,SDSOURCE-00101-110220231,SDSTAM-00101-1
SDSOURCE-00101-110220231,SDDEST-00101-103120231,A6,F1,H3,scooby 6,SDSOURCE-00101-110220231,SDDEST-00101-1
SDSOURCE-00101-110220231,SDDEST-00101-103120231,A6,F1,H3,scooby 6,SDSOURCE-00101-110220231,SDSTAM-00101-1
SDSOURCE-00101-110220231,SDDEST-00101-103120231,B2,B2,A5,scooby 8,SDSOURCE-00101-110220231,SDDEST-00101-1
SDSOURCE-00101-110220231,SDDEST-00101-103120231,B2,B2,A5,scooby 8,SDSOURCE-00101-110220231,SDSTAM-00101-1
SDSOURCE-00101-110220231,SDDEST-00101-103120231,B2,B2,B5,scooby 8,SDSOURCE-00101-110220231,SDDEST-00101-1
SDSOURCE-00101-110220231,SDDEST-00101-103120231,B2,B2,B5,scooby 8,SDSOURCE-00101-110220231,SDSTAM-00101-1
SDSOURCE-00101-110220231,SDDEST-00101-103120231,B2,B2,C5,scooby 8,SDSOURCE-00101-110220231,SDDEST-00101-1
SDSOURCE-00101-110220231,SDDEST-00101-103120231,B2,B2,C5,scooby 8,SDSOURCE-00101-110220231,SDSTAM-00101-1
SDSOURCE-00101-110220231,SDDEST-00101-103120231,B2,B2,D5,scooby 8,SDSOURCE-00101-110220231,SDDEST-00101-1
SDSOURCE-00101-110220231,SDDEST-00101-103120231,B2,B2,D5,scooby 8,SDSOURCE-00101-110220231,SDSTAM-00101-1
SDSOURCE-00101-110220231,SDDEST-00101-103120231,B3,C2,E5,scooby 9,SDSOURCE-00101-110220231,SDDEST-00101-1
SDSOURCE-00101-110220231,SDDEST-00101-103120231,B3,C2,E5,scooby 9,SDSOURCE-00101-110220231,SDSTAM-00101-1
SDSOURCE-00101-110220231,SDDEST-00101-103120231,B3,C2,F5,scooby 9,SDSOURCE-00101-110220231,SDDEST-00101-1
SDSOURCE-00101-110220231,SDDEST-00101-103120231,B3,C2,F5,scooby 9,SDSOURCE-00101-110220231,SDSTAM-00101-1
SDSOURCE-00101-110220231,SDDEST-00101-103120231,B3,C2,G5,scooby 9,SDSOURCE-00101-110220231,SDDEST-00101-1
SDSOURCE-00101-110220231,SDDEST-00101-103120231,B3,C2,G5,scooby 9,SDSOURCE-00101-110220231,SDSTAM-00101-1
SDSOURCE-00101-110220231,SDDEST-00101-103120231,B3,C2,H5,scooby 9,SDSOURCE-00101-110220231,SDDEST-00101-1
SDSOURCE-00101-110220231,SDDEST-00101-103120231,B3,C2,H5,scooby 9,SDSOURCE-00101-110220231,SDSTAM-00101-1
SDSOURCE-00101-110220231,SDDEST-00101-103120231,B4,D2,A6,scooby 10,SDSOURCE-00101-110220231,SDDEST-00101-1
SDSOURCE-00101-110220231,SDDEST-00101-103120231,B4,D2,A6,scooby 10,SDSOURCE-00101-110220231,SDSTAM-00101-1
SDSOURCE-00101-110220231,SDDEST-00101-103120231,B4,D2,B6,scooby 10,SDSOURCE-00101-110220231,SDDEST-00101-1
SDSOURCE-00101-110220231,SDDEST-00101-103120231,B4,D2,B6,scooby 10,SDSOURCE-00101-110220231,SDSTAM-00101-1
SDSOURCE-00101-110220231,SDDEST-00101-103120232,B4,D2,C6,scooby 10,SDSOURCE-00101-110220231,SDDEST-00101-1
SDSOURCE-00101-110220231,SDDEST-00101-103120232,B4,D2,C6,scooby 10,SDSOURCE-00101-110220231,SDSTAM-00101-1
SDSOURCE-00101-110220231,SDDEST-00101-103120232,B4,D2,D6,scooby 10,SDSOURCE-00101-110220231,SDDEST-00101-1
SDSOURCE-00101-110220231,SDDEST-00101-103120232,B4,D2,D6,scooby 10,SDSOURCE-00101-110220231,SDSTAM-00101-1
SDSOURCE-00101-110220231,SDSTAMP-00101-103120231,B5,E2,E6,Shaggy 1,SDSOURCE-00101-110220231,SDDEST-00101-1
SDSOURCE-00101-110220231,SDSTAMP-00101-103120231,B5,E2,E6,Shaggy 1,SDSOURCE-00101-110220231,SDSTAM-00101-1
SDSOURCE-00101-110220231,SDSTAMP-00101-103120231,B5,E2,F6,Shaggy 1,SDSOURCE-00101-110220231,SDDEST-00101-1
SDSOURCE-00101-110220231,SDSTAMP-00101-103120231,B5,E2,F6,Shaggy 1,SDSOURCE-00101-110220231,SDSTAM-00101-1
SDSOURCE-00101-110220231,SDSTAMP-00101-103120231,B5,E2,G6,Shaggy 1,SDSOURCE-00101-110220231,SDDEST-00101-1
SDSOURCE-00101-110220231,SDSTAMP-00101-103120231,B5,E2,G6,Shaggy 1,SDSOURCE-00101-110220231,SDSTAM-00101-1
SDSOURCE-00101-110220231,SDSTAMP-00101-103120231,B5,E2,H6,Shaggy 1,SDSOURCE-00101-110220231,SDDEST-00101-1
SDSOURCE-00101-110220231,SDSTAMP-00101-103120231,B5,E2,H6,Shaggy 1,SDSOURCE-00101-110220231,SDSTAM-00101-1
SDSOURCE-00101-110220231,SDSTAMP-00101-103120231,B6,F2,A7,Shaggy 2,SDSOURCE-00101-110220231,SDDEST-00101-1
SDSOURCE-00101-110220231,SDSTAMP-00101-103120231,B6,F2,A7,Shaggy 2,SDSOURCE-00101-110220231,SDSTAM-00101-1
SDSOURCE-00101-110220231,SDSTAMP-00101-103120231,B6,F2,B7,Shaggy 2,SDSOURCE-00101-110220231,SDDEST-00101-1
SDSOURCE-00101-110220231,SDSTAMP-00101-103120231,B6,F2,B7,Shaggy 2,SDSOURCE-00101-110220231,SDSTAM-00101-1
SDSOURCE-00101-110220231,SDSTAMP-00101-103120231,B6,F2,C7,Shaggy 2,SDSOURCE-00101-110220231,SDDEST-00101-1
SDSOURCE-00101-110220231,SDSTAMP-00101-103120231,B6,F2,C7,Shaggy 2,SDSOURCE-00101-110220231,SDSTAM-00101-1
SDSOURCE-00101-110220231,SDSTAMP-00101-103120231,B6,F2,D7,Shaggy 2,SDSOURCE-00101-110220231,SDDEST-00101-1
SDSOURCE-00101-110220231,SDSTAMP-00101-103120231,B6,F2,D7,Shaggy 2,SDSOURCE-00101-110220231,SDSTAM-00101-1
SDSOURCE-00101-110220231,SDSTAMP-00101-103120231,C2,B3,E8,Shaggy 4,SDSOURCE-00101-110220231,SDDEST-00101-1
SDSOURCE-00101-110220231,SDSTAMP-00101-103120231,C2,B3,E8,Shaggy 4,SDSOURCE-00101-110220231,SDSTAM-00101-1
SDSOURCE-00101-110220231,SDSTAMP-00101-103120231,C2,B3,F8,Shaggy 4,SDSOURCE-00101-110220231,SDDEST-00101-1
SDSOURCE-00101-110220231,SDSTAMP-00101-103120231,C2,B3,F8,Shaggy 4,SDSOURCE-00101-110220231,SDSTAM-00101-1
SDSOURCE-00101-110220231,SDSTAMP-00101-103120231,C2,B3,G8,Shaggy 4,SDSOURCE-00101-110220231,SDDEST-00101-1
SDSOURCE-00101-110220231,SDSTAMP-00101-103120231,C2,B3,G8,Shaggy 4,SDSOURCE-00101-110220231,SDSTAM-00101-1
SDSOURCE-00101-110220231,SDSTAMP-00101-103120231,C2,B3,H8,Shaggy 4,SDSOURCE-00101-110220231,SDDEST-00101-1
SDSOURCE-00101-110220231,SDSTAMP-00101-103120231,C2,B3,H8,Shaggy 4,SDSOURCE-00101-110220231,SDSTAM-00101-1
SDSOURCE-00101-110220231,SDSTAMP-00101-103120231,C3,C3,A9,Shaggy 5,SDSOURCE-00101-110220231,SDDEST-00101-1
SDSOURCE-00101-110220231,SDSTAMP-00101-103120231,C3,C3,A9,Shaggy 5,SDSOURCE-00101-110220231,SDSTAM-00101-1
SDSOURCE-00101-110220231,SDSTAMP-00101-103120231,C3,C3,B9,Shaggy 5,SDSOURCE-00101-110220231,SDDEST-00101-1
SDSOURCE-00101-110220231,SDSTAMP-00101-103120231,C3,C3,B9,Shaggy 5,SDSOURCE-00101-110220231,SDSTAM-00101-1
SDSOURCE-00101-110220231,SDSTAMP-00101-103120231,C3,C3,C9,Shaggy 5,SDSOURCE-00101-110220231,SDDEST-00101-1
SDSOURCE-00101-110220231,SDSTAMP-00101-103120231,C3,C3,C9,Shaggy 5,SDSOURCE-00101-110220231,SDSTAM-00101-1
SDSOURCE-00101-110220231,SDSTAMP-00101-103120231,C3,C3,D9,Shaggy 5,SDSOURCE-00101-110220231,SDDEST-00101-1
SDSOURCE-00101-110220231,SDSTAMP-00101-103120231,C3,C3,D9,Shaggy 5,SDSOURCE-00101-110220231,SDSTAM-00101-1
SDSOURCE-00101-110220231,SDSTAMP-00101-103120231,C4,D3,E9,Shaggy 6,SDSOURCE-00101-110220231,SDDEST-00101-1
SDSOURCE-00101-110220231,SDSTAMP-00101-103120231,C4,D3,E9,Shaggy 6,SDSOURCE-00101-110220231,SDSTAM-00101-1
SDSOURCE-00101-110220231,SDSTAMP-00101-103120231,C5,E3,F9,Shaggy 7,SDSOURCE-00101-110220231,SDDEST-00101-1
SDSOURCE-00101-110220231,SDSTAMP-00101-103120231,C5,E3,F9,Shaggy 7,SDSOURCE-00101-110220231,SDSTAM-00101-1
SDSOURCE-00101-110220231,SDSTAMP-00101-103120231,C5,E3,G9,Shaggy 7,SDSOURCE-00101-110220231,SDDEST-00101-1
SDSOURCE-00101-110220231,SDSTAMP-00101-103120231,C5,E3,G9,Shaggy 7,SDSOURCE-00101-110220231,SDSTAM-00101-1
SDSOURCE-00101-110220231,SDSTAMP-00101-103120231,C5,E3,H9,Shaggy 7,SDSOURCE-00101-110220231,SDDEST-00101-1
SDSOURCE-00101-110220231,SDSTAMP-00101-103120231,C5,E3,H9,Shaggy 7,SDSOURCE-00101-110220231,SDSTAM-00101-1
SDSOURCE-00101-110220231,SDSTAMP-00101-103120231,C5,E3,A10,Shaggy 7,SDSOURCE-00101-110220231,SDDEST-00101-1
SDSOURCE-00101-110220231,SDSTAMP-00101-103120231,C5,E3,A10,Shaggy 7,SDSOURCE-00101-110220231,SDSTAM-00101-1
SDSOURCE-00101-110220231,SDSTAMP-00101-103120231,C6,F3,B10,Shaggy 8,SDSOURCE-00101-110220231,SDDEST-00101-1
SDSOURCE-00101-110220231,SDSTAMP-00101-103120231,C6,F3,B10,Shaggy 8,SDSOURCE-00101-110220231,SDSTAM-00101-1
SDSOURCE-00101-110220231,SDSTAMP-00101-103120231,C6,F3,C10,Shaggy 8,SDSOURCE-00101-110220231,SDDEST-00101-1
SDSOURCE-00101-110220231,SDSTAMP-00101-103120231,C6,F3,C10,Shaggy 8,SDSOURCE-00101-110220231,SDSTAM-00101-1
SDSOURCE-00101-110220231,SDSTAMP-00101-103120231,C6,F3,D10,Shaggy 8,SDSOURCE-00101-110220231,SDDEST-00101-1
SDSOURCE-00101-110220231,SDSTAMP-00101-103120231,C6,F3,D10,Shaggy 8,SDSOURCE-00101-110220231,SDSTAM-00101-1
SDSOURCE-00101-110220231,SDSTAMP-00101-103120231,C6,F3,E10,Shaggy 8,SDSOURCE-00101-110220231,SDDEST-00101-1
SDSOURCE-00101-110220231,SDSTAMP-00101-103120231,C6,F3,E10,Shaggy 8,SDSOURCE-00101-110220231,SDSTAM-00101-1
SDSOURCE-00101-110220231,SDSTAMP-00101-103120231,D3,C4,F11,Thelma 1,SDSOURCE-00101-110220231,SDDEST-00101-1
SDSOURCE-00101-110220231,SDSTAMP-00101-103120231,D3,C4,F11,Thelma 1,SDSOURCE-00101-110220231,SDSTAM-00101-1
SDSOURCE-00101-110220231,SDSTAMP-00101-103120232,D3,C4,G11,Thelma 1,SDSOURCE-00101-110220231,SDDEST-00101-1
SDSOURCE-00101-110220231,SDSTAMP-00101-103120232,D3,C4,G11,Thelma 1,SDSOURCE-00101-110220231,SDSTAM-00101-1
SDSOURCE-00101-110220231,SDSTAMP-00101-103120232,D3,C4,H11,Thelma 1,SDSOURCE-00101-110220231,SDDEST-00101-1
SDSOURCE-00101-110220231,SDSTAMP-00101-103120232,D3,C4,H11,Thelma 1,SDSOURCE-00101-110220231,SDSTAM-00101-1
SDSOURCE-00101-110220231,SDDEST-00101-103120232,D3,C4,A12,Thelma 1,SDSOURCE-00101-110220231,SDDEST-00101-1
SDSOURCE-00101-110220231,SDDEST-00101-103120232,D3,C4,A12,Thelma 1,SDSOURCE-00101-110220231,SDSTAM-00101-1
SDSOURCE-00101-110220231,SDDEST-00101-103120232,D4,D4,B12,Thelma 2,SDSOURCE-00101-110220231,SDDEST-00101-1
SDSOURCE-00101-110220231,SDDEST-00101-103120232,D4,D4,B12,Thelma 2,SDSOURCE-00101-110220231,SDSTAM-00101-1
SDSOURCE-00101-110220231,SDDEST-00101-103120232,D4,D4,C12,Thelma 2,SDSOURCE-00101-110220231,SDDEST-00101-1
SDSOURCE-00101-110220231,SDDEST-00101-103120232,D4,D4,C12,Thelma 2,SDSOURCE-00101-110220231,SDSTAM-00101-1
SDSOURCE-00101-110220231,SDDEST-00101-103120232,D4,D4,D12,Thelma 2,SDSOURCE-00101-110220231,SDDEST-00101-1
SDSOURCE-00101-110220231,SDDEST-00101-103120232,D4,D4,D12,Thelma 2,SDSOURCE-00101-110220231,SDSTAM-00101-1
SDSOURCE-00101-110220231,SDSTAMP-00101-103120232,D4,D4,E12,Thelma 2,SDSOURCE-00101-110220231,SDDEST-00101-1
SDSOURCE-00101-110220231,SDSTAMP-00101-103120232,D4,D4,E12,Thelma 2,SDSOURCE-00101-110220231,SDSTAM-00101-1
SDSOURCE-00101-110220231,SDSTAMP-00101-103120232,D5,E4,F12,Thelma 3,SDSOURCE-00101-110220231,SDDEST-00101-1
SDSOURCE-00101-110220231,SDSTAMP-00101-103120232,D5,E4,F12,Thelma 3,SDSOURCE-00101-110220231,SDSTAM-00101-1
SDSOURCE-00101-110220231,SDSTAMP-00101-103120232,D5,E4,G12,Thelma 3,SDSOURCE-00101-110220231,SDDEST-00101-1
SDSOURCE-00101-110220231,SDSTAMP-00101-103120232,D5,E4,G12,Thelma 3,SDSOURCE-00101-110220231,SDSTAM-00101-1
SDSOURCE-00101-110220231,SDSTAMP-00101-103120232,D5,E4,A1,Thelma 3,SDSOURCE-00101-110220231,SDDEST-00101-1
SDSOURCE-00101-110220231,SDSTAMP-00101-103120232,D5,E4,A1,Thelma 3,SDSOURCE-00101-110220231,SDSTAM-00101-1
